rsi,pivot_k,direction,locations,trigger,target_r,n_trades,winrate,avg_r,profit_factor,total_r,max_dd_r,n_instruments,n_instruments_positive,score,per_instrument
14,3,long,sr,candle,2.5,73,0.4383561643835616,0.4210461738539487,1.763966689418704,30.736370691338255,12.844236105296426,5,4,3.5974200863597536,"GOOG:n=3,avgR=0.17; EURUSD:n=19,avgR=0.38; MSFT:n=19,avgR=0.56; SP500:n=16,avgR=-0.43; NASDAQ:n=16,avgR=1.20"
9,3,long,sr,candle,2.5,104,0.40384615384615385,0.3340035643397909,1.567285520745475,34.73637069133825,12.344236105296424,5,4,3.4061813843562736,"GOOG:n=3,avgR=0.17; EURUSD:n=28,avgR=0.56; MSFT:n=33,avgR=0.11; SP500:n=21,avgR=-0.06; NASDAQ:n=19,avgR=0.85"
14,3,long,sr,candle,1.5,77,0.5324675324675324,0.3184533761063826,1.6877766780536736,24.520909960191457,7.0,5,3,2.794417034378297,"GOOG:n=3,avgR=-0.17; EURUSD:n=20,avgR=0.38; MSFT:n=19,avgR=0.25; SP500:n=19,avgR=-0.08; NASDAQ:n=16,avgR=0.90"
9,3,long,sr,either,2.5,154,0.3961038961038961,0.21758253205319475,1.3682644321776778,33.50770993619199,9.564714972102713,5,5,2.7001282138484917,"GOOG:n=7,avgR=0.28; EURUSD:n=44,avgR=0.12; MSFT:n=47,avgR=0.04; SP500:n=30,avgR=0.36; NASDAQ:n=26,avgR=0.52"
14,3,long,bb,candle,1.5,3,1.0,1.5,inf,4.5,0.0,2,2,2.598076211353316,"EURUSD:n=2,avgR=1.50; NASDAQ:n=1,avgR=1.50"
9,3,long,bb,candle,1.5,3,1.0,1.5,inf,4.5,0.0,2,2,2.598076211353316,"EURUSD:n=2,avgR=1.50; NASDAQ:n=1,avgR=1.50"
9,3,long,sr+fib,candle,2.5,9,0.5555555555555556,0.8447080532556002,2.9005931198251007,7.602372479300402,3.0,4,3,2.5341241597668005,"EURUSD:n=2,avgR=0.75; MSFT:n=3,avgR=1.03; SP500:n=1,avgR=-1.00; NASDAQ:n=3,avgR=1.33"
14,5,long,sr+bb,candle,2.5,1,1.0,2.5,inf,2.5,0.0,1,1,2.5,"NASDAQ:n=1,avgR=2.50"
9,5,long,sr+bb,candle,2.5,1,1.0,2.5,inf,2.5,0.0,1,1,2.5,"NASDAQ:n=1,avgR=2.50"
9,5,long,bb,candle,2.5,1,1.0,2.5,inf,2.5,0.0,1,1,2.5,"NASDAQ:n=1,avgR=2.50"
14,5,long,bb,candle,2.5,1,1.0,2.5,inf,2.5,0.0,1,1,2.5,"NASDAQ:n=1,avgR=2.50"
9,3,long,sr+fib,either,2.5,12,0.5,0.6751977066083669,2.350395413216734,8.102372479300403,4.0,4,3,2.338953465999351,"EURUSD:n=3,avgR=0.17; MSFT:n=4,avgR=1.40; SP500:n=2,avgR=-1.00; NASDAQ:n=3,avgR=1.33"
14,5,long,sr+bb,either,2.5,3,0.6666666666666666,1.3333333333333333,5.0,4.0,1.0,3,2,2.309401076758503,"EURUSD:n=1,avgR=2.50; MSFT:n=1,avgR=-1.00; NASDAQ:n=1,avgR=2.50"
14,5,long,sr,either,2.5,47,0.40425531914893614,0.3331234501860775,1.5974928695920074,15.656802158745641,7.0,5,3,2.28377931376965,"GOOG:n=3,avgR=-1.18; EURUSD:n=15,avgR=0.55; MSFT:n=12,avgR=0.62; SP500:n=7,avgR=-0.68; NASDAQ:n=10,avgR=0.82"
14,5,long,sr,candle,1.5,37,0.5405405405405406,0.37385720069104084,1.8555992948280386,13.832716425568512,7.0,5,3,2.274084572045645,"GOOG:n=2,avgR=-1.00; EURUSD:n=12,avgR=0.67; MSFT:n=8,avgR=0.56; SP500:n=7,avgR=-1.00; NASDAQ:n=8,avgR=1.29"
14,5,long,sr,candle,2.5,36,0.4166666666666667,0.3691677995197592,1.6536570901466556,13.290040782711332,7.188852679897369,5,3,2.215006797118555,"GOOG:n=2,avgR=-1.00; EURUSD:n=11,avgR=0.44; MSFT:n=8,avgR=0.91; SP500:n=7,avgR=-1.00; NASDAQ:n=8,avgR=1.27"
9,3,long,sr,macd,2.5,121,0.4132231404958678,0.19865715281410953,1.343785421045534,24.037515490507253,15.538860473804062,5,5,2.185228680955205,"GOOG:n=7,avgR=0.28; EURUSD:n=36,avgR=0.04; MSFT:n=34,avgR=0.09; SP500:n=23,avgR=0.61; NASDAQ:n=21,avgR=0.17"
9,3,long,sr,candle,1.5,109,0.48623853211009177,0.2066138528457932,1.404670737775339,22.52090996019146,10.326659908588162,5,3,2.1571119526970213,"GOOG:n=3,avgR=-0.17; EURUSD:n=30,avgR=0.42; MSFT:n=33,avgR=-0.06; SP500:n=24,avgR=0.04; NASDAQ:n=19,avgR=0.60"
9,3,long,sr+bb,candle,1.5,2,1.0,1.5,inf,3.0,0.0,2,2,2.121320343559643,"EURUSD:n=1,avgR=1.50; NASDAQ:n=1,avgR=1.50"
14,3,long,sr+bb,candle,1.5,2,1.0,1.5,inf,3.0,0.0,2,2,2.121320343559643,"EURUSD:n=1,avgR=1.50; NASDAQ:n=1,avgR=1.50"
14,3,long,sr+fib,either,2.5,10,0.5,0.6602372479300402,2.3204744958600805,6.602372479300402,4.0,4,3,2.087853499540218,"EURUSD:n=2,avgR=0.75; MSFT:n=3,avgR=1.03; SP500:n=2,avgR=-1.00; NASDAQ:n=3,avgR=1.33"
14,3,long,bb,either,1.5,11,0.6363636363636364,0.5909090909090909,2.625,6.5,3.0,4,2,1.9598237397554636,"EURUSD:n=6,avgR=1.08; MSFT:n=1,avgR=-1.00; SP500:n=3,avgR=-0.17; NASDAQ:n=1,avgR=1.50"
9,3,long,bb,either,1.5,13,0.6153846153846154,0.5384615384615384,2.4,7.0,2.5,4,2,1.9414506867883017,"EURUSD:n=7,avgR=1.14; MSFT:n=3,avgR=-0.17; SP500:n=2,avgR=-1.00; NASDAQ:n=1,avgR=1.50"
14,3,long,sr,either,2.5,104,0.38461538461538464,0.18099189347243413,1.3014110486256187,18.82315692113315,11.029879966247842,5,5,1.8457623932360963,"GOOG:n=6,avgR=0.07; EURUSD:n=28,avgR=0.07; MSFT:n=28,avgR=0.12; SP500:n=22,avgR=0.08; NASDAQ:n=20,avgR=0.56"
9,5,long,sr+fib,candle,2.5,6,0.5,0.75,2.5,4.5,3.0,4,3,1.8371173070873834,"EURUSD:n=1,avgR=2.50; MSFT:n=2,avgR=0.75; SP500:n=2,avgR=-1.00; NASDAQ:n=1,avgR=2.50"
9,5,long,fib,candle,2.5,6,0.5,0.75,2.5,4.5,3.0,4,3,1.8371173070873834,"EURUSD:n=1,avgR=2.50; MSFT:n=2,avgR=0.75; SP500:n=2,avgR=-1.00; NASDAQ:n=1,avgR=2.50"
14,3,long,sr+fib,candle,2.5,8,0.5,0.6377965599125502,2.2755931198251007,5.102372479300402,3.0,4,3,1.8039610901264658,"EURUSD:n=2,avgR=0.75; MSFT:n=2,avgR=0.30; SP500:n=1,avgR=-1.00; NASDAQ:n=3,avgR=1.33"
9,5,long,sr,candle,2.5,54,0.37037037037037035,0.23685260708724687,1.3837186005578552,12.790040782711332,12.18885267989737,5,3,1.7405040948349966,"GOOG:n=2,avgR=-1.00; EURUSD:n=14,avgR=0.63; MSFT:n=14,avgR=0.34; SP500:n=13,avgR=-0.46; NASDAQ:n=11,avgR=0.65"
9,3,long,fib,candle,2.5,11,0.45454545454545453,0.5093065890273093,1.9337287465500672,5.602372479300402,4.0,4,3,1.6891788590593235,"EURUSD:n=3,avgR=0.17; MSFT:n=3,avgR=1.03; SP500:n=2,avgR=-1.00; NASDAQ:n=3,avgR=1.33"
14,3,long,sr+bb,either,1.5,6,0.6666666666666666,0.6666666666666666,3.0,4.0,2.0,4,3,1.6329931618554518,"EURUSD:n=2,avgR=1.50; MSFT:n=1,avgR=-1.00; SP500:n=2,avgR=0.25; NASDAQ:n=1,avgR=1.50"
9,3,long,fib,either,2.5,14,0.42857142857142855,0.4358837485214573,1.7627965599125504,6.102372479300402,5.0,4,2,1.6309276474300256,"EURUSD:n=4,avgR=-0.12; MSFT:n=4,avgR=1.40; SP500:n=3,avgR=-1.00; NASDAQ:n=3,avgR=1.33"
14,5,long,sr,either,1.5,48,0.4791666666666667,0.23345690657524187,1.4863764616623574,11.20593151561161,7.0,5,3,1.6174368942647184,"GOOG:n=3,avgR=-1.18; EURUSD:n=16,avgR=0.47; MSFT:n=12,avgR=0.31; SP500:n=7,avgR=-0.68; NASDAQ:n=10,avgR=0.83"
9,3,long,bb,either,2.5,13,0.46153846153846156,0.4360856282478454,1.8098733096031414,5.66911316722199,4.0,4,3,1.572329093140534,"EURUSD:n=7,avgR=0.71; MSFT:n=3,avgR=0.05; SP500:n=2,avgR=-1.00; NASDAQ:n=1,avgR=2.50"
9,5,long,sr,candle,1.5,57,0.47368421052631576,0.19881958641348266,1.3885420593470335,11.332716425568512,12.5,5,3,1.5010549599107998,"GOOG:n=2,avgR=-1.00; EURUSD:n=15,avgR=0.67; MSFT:n=14,avgR=0.25; SP500:n=15,avgR=-0.50; NASDAQ:n=11,avgR=0.67"
14,5,long,sr+bb,candle,1.5,1,1.0,1.5,inf,1.5,0.0,1,1,1.5,"NASDAQ:n=1,avgR=1.50"
14,5,long,bb,candle,1.5,1,1.0,1.5,inf,1.5,0.0,1,1,1.5,"NASDAQ:n=1,avgR=1.50"
9,5,long,sr+bb,candle,1.5,1,1.0,1.5,inf,1.5,0.0,1,1,1.5,"NASDAQ:n=1,avgR=1.50"
9,5,long,bb,candle,1.5,1,1.0,1.5,inf,1.5,0.0,1,1,1.5,"NASDAQ:n=1,avgR=1.50"
14,3,long,sr+bb,either,2.5,6,0.5,0.5639591427202914,2.127918285440583,3.3837548563217483,3.0,4,3,1.381412135442148,"EURUSD:n=2,avgR=0.75; MSFT:n=1,avgR=-1.00; SP500:n=2,avgR=0.19; NASDAQ:n=1,avgR=2.50"
14,3,long,fib,candle,2.5,9,0.4444444444444444,0.4558191643667113,1.8204744958600805,4.102372479300402,3.0,4,3,1.367457493100134,"EURUSD:n=3,avgR=0.17; MSFT:n=2,avgR=0.30; SP500:n=1,avgR=-1.00; NASDAQ:n=3,avgR=1.33"
14,3,long,fib,either,2.5,12,0.4166666666666667,0.3835310399417002,1.6574817827572004,4.602372479300402,4.0,4,2,1.3285904949175062,"EURUSD:n=4,avgR=-0.12; MSFT:n=3,avgR=1.03; SP500:n=2,avgR=-1.00; NASDAQ:n=3,avgR=1.33"
9,3,long,sr+bb,either,2.5,7,0.42857142857142855,0.5,1.875,3.5,4.0,4,2,1.3228756555322954,"EURUSD:n=3,avgR=1.33; MSFT:n=2,avgR=-1.00; SP500:n=1,avgR=-1.00; NASDAQ:n=1,avgR=2.50"
9,3,short,sr+bb,macd,2.5,13,0.46153846153846156,0.3516484664207521,1.6530614376385395,4.571430063469777,2.642646337464059,4,3,1.2678865766182985,"EURUSD:n=3,avgR=0.17; MSFT:n=6,avgR=-0.19; SP500:n=2,avgR=0.75; NASDAQ:n=2,avgR=1.86"
9,3,long,bb,macd,2.5,11,0.45454545454545453,0.3790102879292718,1.6948521945369983,4.16911316722199,3.0,3,2,1.257034916745961,"EURUSD:n=6,avgR=1.00; MSFT:n=3,avgR=0.05; SP500:n=2,avgR=-1.00"
9,3,long,sr+fib,candle,1.5,9,0.5555555555555556,0.3888888888888889,1.875,3.5,3.0,4,3,1.1666666666666667,"EURUSD:n=2,avgR=0.25; MSFT:n=3,avgR=0.67; SP500:n=1,avgR=-1.00; NASDAQ:n=3,avgR=0.67"
14,5,long,sr+bb,either,1.5,3,0.6666666666666666,0.6666666666666666,3.0,2.0,1.0,3,2,1.1547005383792515,"EURUSD:n=1,avgR=1.50; MSFT:n=1,avgR=-1.00; NASDAQ:n=1,avgR=1.50"
9,3,long,sr+bb,either,1.5,7,0.5714285714285714,0.42857142857142855,2.0,3.0,3.0,4,2,1.1338934190276817,"EURUSD:n=3,avgR=1.50; MSFT:n=2,avgR=-1.00; SP500:n=1,avgR=-1.00; NASDAQ:n=1,avgR=1.50"
14,3,long,sr,macd,2.5,76,0.39473684210526316,0.12934917691347325,1.2166172736968375,9.830537445423968,10.548024493499234,5,4,1.1276399811919886,"GOOG:n=6,avgR=0.07; EURUSD:n=22,avgR=-0.01; MSFT:n=18,avgR=0.01; SP500:n=16,avgR=0.45; NASDAQ:n=14,avgR=0.15"
9,5,long,sr,either,2.5,72,0.3611111111111111,0.13263870478077566,1.2112744919538578,9.549986744215849,12.278262737318846,5,3,1.125476731179444,"GOOG:n=4,avgR=-0.41; EURUSD:n=21,avgR=0.23; MSFT:n=19,avgR=0.29; SP500:n=14,avgR=-0.45; NASDAQ:n=14,avgR=0.51"
9,3,long,sr+bb,candle,2.5,2,0.5,0.75,2.5,1.5,0.0,2,1,1.0606601717798214,"EURUSD:n=1,avgR=-1.00; NASDAQ:n=1,avgR=2.50"
14,5,long,sr+bb,macd,2.5,2,0.5,0.75,2.5,1.5,1.0,2,1,1.0606601717798214,"EURUSD:n=1,avgR=2.50; MSFT:n=1,avgR=-1.00"
14,3,long,sr+bb,candle,2.5,2,0.5,0.75,2.5,1.5,0.0,2,1,1.0606601717798214,"EURUSD:n=1,avgR=-1.00; NASDAQ:n=1,avgR=2.50"
9,3,long,sr,either,1.5,159,0.44025157232704404,0.08381869378765262,1.1521843700579528,13.327172312236767,9.788612840951874,5,2,1.0569135135358314,"GOOG:n=7,avgR=-0.01; EURUSD:n=47,avgR=-0.00; MSFT:n=48,avgR=-0.00; SP500:n=31,avgR=0.27; NASDAQ:n=26,avgR=0.21"
14,3,long,bb,either,2.5,11,0.45454545454545453,0.3080275077130604,1.5647170974739442,3.3883025848436645,5.0,4,2,1.0216116681925254,"EURUSD:n=6,avgR=0.42; MSFT:n=1,avgR=-1.00; SP500:n=3,avgR=-0.21; NASDAQ:n=1,avgR=2.50"
14,3,long,sr+bb,macd,2.5,4,0.5,0.47093871408043714,1.9418774281608742,1.8837548563217485,2.0,3,2,0.9418774281608743,"EURUSD:n=1,avgR=2.50; MSFT:n=1,avgR=-1.00; SP500:n=2,avgR=0.19"
14,5,long,bb,either,2.5,5,0.4,0.4,1.6666666666666667,2.0,2.0,3,2,0.894427190999916,"EURUSD:n=3,avgR=0.17; MSFT:n=1,avgR=-1.00; NASDAQ:n=1,avgR=2.50"
9,5,long,sr+bb,either,2.5,5,0.4,0.4,1.6666666666666667,2.0,3.0,4,2,0.894427190999916,"EURUSD:n=1,avgR=2.50; MSFT:n=2,avgR=-1.00; SP500:n=1,avgR=-1.00; NASDAQ:n=1,avgR=2.50"
9,3,long,sr+bb,macd,2.5,5,0.4,0.4,1.6666666666666667,2.0,3.0,3,1,0.894427190999916,"EURUSD:n=2,avgR=2.50; MSFT:n=2,avgR=-1.00; SP500:n=1,avgR=-1.00"
14,5,long,fib,candle,2.5,5,0.4,0.4,1.6666666666666667,2.0,3.0,4,2,0.894427190999916,"EURUSD:n=1,avgR=2.50; MSFT:n=1,avgR=-1.00; SP500:n=2,avgR=-1.00; NASDAQ:n=1,avgR=2.50"
14,5,long,sr+fib,candle,2.5,5,0.4,0.4,1.6666666666666667,2.0,3.0,4,2,0.894427190999916,"EURUSD:n=1,avgR=2.50; MSFT:n=1,avgR=-1.00; SP500:n=2,avgR=-1.00; NASDAQ:n=1,avgR=2.50"
9,5,long,bb,either,2.5,8,0.375,0.3125,1.5,2.5,4.0,4,2,0.8838834764831844,"EURUSD:n=4,avgR=0.75; MSFT:n=2,avgR=-1.00; SP500:n=1,avgR=-1.00; NASDAQ:n=1,avgR=2.50"
9,5,long,sr+fib,either,2.5,8,0.375,0.3125,1.5,2.5,4.0,4,3,0.8838834764831844,"EURUSD:n=1,avgR=2.50; MSFT:n=2,avgR=0.75; SP500:n=3,avgR=-1.00; NASDAQ:n=2,avgR=0.75"
9,3,long,sr+fib,either,1.5,12,0.5,0.25,1.5,3.0,4.0,4,2,0.8660254037844386,"EURUSD:n=3,avgR=-0.17; MSFT:n=4,avgR=0.88; SP500:n=2,avgR=-1.00; NASDAQ:n=3,avgR=0.67"
14,3,long,fib,either,1.5,12,0.5,0.25,1.5,3.0,4.0,4,3,0.8660254037844386,"EURUSD:n=4,avgR=0.25; MSFT:n=3,avgR=0.67; SP500:n=2,avgR=-1.00; NASDAQ:n=3,avgR=0.67"
9,3,short,fib+bb,macd,2.5,5,0.4,0.37760947620707574,1.6067082671919186,1.8880473810353786,1.1119526189646214,3,2,0.8443604577471109,"MSFT:n=2,avgR=-1.00; SP500:n=1,avgR=2.50; NASDAQ:n=2,avgR=0.69"
9,3,short,fib+bb,either,2.5,5,0.4,0.37760947620707574,1.6067082671919186,1.8880473810353786,1.1119526189646214,3,2,0.8443604577471109,"MSFT:n=2,avgR=-1.00; SP500:n=1,avgR=2.50; NASDAQ:n=2,avgR=0.69"
14,3,long,sr+fib,either,1.5,10,0.5,0.25,1.5,2.5,4.0,4,3,0.7905694150420949,"EURUSD:n=2,avgR=0.25; MSFT:n=3,avgR=0.67; SP500:n=2,avgR=-1.00; NASDAQ:n=3,avgR=0.67"
9,5,long,sr,macd,2.5,38,0.3684210526315789,0.12526173582906622,1.1994114478775297,4.759945961504516,7.5,5,3,0.7721651983808965,"GOOG:n=3,avgR=-0.21; EURUSD:n=14,avgR=-0.04; MSFT:n=11,avgR=0.15; SP500:n=5,avgR=0.54; NASDAQ:n=5,avgR=0.30"
14,3,long,sr+fib,candle,1.5,8,0.5,0.25,1.5,2.0,3.0,4,3,0.7071067811865476,"EURUSD:n=2,avgR=0.25; MSFT:n=2,avgR=0.25; SP500:n=1,avgR=-1.00; NASDAQ:n=3,avgR=0.67"
9,3,short,sr+bb,either,2.5,15,0.4,0.17142867089798516,1.2857144514966419,2.5714300634697773,4.142646337464059,4,3,0.6639403874503687,"EURUSD:n=3,avgR=0.17; MSFT:n=7,avgR=-0.31; SP500:n=3,avgR=0.17; NASDAQ:n=2,avgR=1.86"
14,3,long,bb,macd,2.5,9,0.4444444444444444,0.20981139831596274,1.3776605169687328,1.8883025848436648,4.0,3,1,0.6294341949478882,"EURUSD:n=5,avgR=0.70; MSFT:n=1,avgR=-1.00; SP500:n=3,avgR=-0.21"
9,5,long,fib,candle,1.5,6,0.5,0.25,1.5,1.5,3.0,4,3,0.6123724356957945,"EURUSD:n=1,avgR=1.50; MSFT:n=2,avgR=0.25; SP500:n=2,avgR=-1.00; NASDAQ:n=1,avgR=1.50"
9,5,long,sr+fib,candle,1.5,6,0.5,0.25,1.5,1.5,3.0,4,3,0.6123724356957945,"EURUSD:n=1,avgR=1.50; MSFT:n=2,avgR=0.25; SP500:n=2,avgR=-1.00; NASDAQ:n=1,avgR=1.50"
9,5,long,sr,either,1.5,75,0.4266666666666667,0.06260075634350272,1.1116879896757066,4.695056725762704,12.25444301133092,5,3,0.5421384528959321,"GOOG:n=4,avgR=-0.51; EURUSD:n=22,avgR=0.14; MSFT:n=19,avgR=0.17; SP500:n=16,avgR=-0.39; NASDAQ:n=14,avgR=0.49"
14,3,long,fib,macd,1.5,4,0.5,0.25,1.5,1.0,2.0,4,2,0.5,"EURUSD:n=1,avgR=1.50; MSFT:n=1,avgR=1.50; SP500:n=1,avgR=-1.00; NASDAQ:n=1,avgR=-1.00"
14,3,short,sr+bb,macd,2.5,9,0.3333333333333333,0.16666666666666666,1.25,1.5,3.0,4,2,0.5,"EURUSD:n=1,avgR=-1.00; MSFT:n=5,avgR=-0.30; SP500:n=2,avgR=0.75; NASDAQ:n=1,avgR=2.50"
14,3,long,sr+bb,macd,1.5,4,0.5,0.25,1.5,1.0,2.0,3,2,0.5,"EURUSD:n=1,avgR=1.50; MSFT:n=1,avgR=-1.00; SP500:n=2,avgR=0.25"
14,3,long,sr,either,1.5,107,0.4205607476635514,0.0458846363339896,1.0804406873014598,4.909656087736887,13.996791181054046,5,2,0.4746343688680427,"GOOG:n=6,avgR=-0.26; EURUSD:n=30,avgR=0.00; MSFT:n=28,avgR=-0.08; SP500:n=23,avgR=0.16; NASDAQ:n=20,avgR=0.25"
9,3,long,fib,candle,1.5,11,0.45454545454545453,0.13636363636363635,1.25,1.5,4.0,4,2,0.4522670168666454,"EURUSD:n=3,avgR=-0.17; MSFT:n=3,avgR=0.67; SP500:n=2,avgR=-1.00; NASDAQ:n=3,avgR=0.67"
9,3,long,bb,macd,1.5,11,0.45454545454545453,0.13636363636363635,1.25,1.5,3.5,3,1,0.4522670168666454,"EURUSD:n=6,avgR=0.67; MSFT:n=3,avgR=-0.17; SP500:n=2,avgR=-1.00"
14,5,long,sr+fib,either,2.5,6,0.3333333333333333,0.16666666666666666,1.25,1.0,3.0,4,2,0.40824829046386296,"EURUSD:n=1,avgR=2.50; MSFT:n=1,avgR=-1.00; SP500:n=2,avgR=-1.00; NASDAQ:n=2,avgR=0.75"
14,5,long,sr+bb,macd,1.5,2,0.5,0.25,1.5,0.5,1.0,2,1,0.3535533905932738,"EURUSD:n=1,avgR=1.50; MSFT:n=1,avgR=-1.00"
14,3,long,bb,macd,1.5,9,0.4444444444444444,0.1111111111111111,1.2,1.0,4.0,3,1,0.3333333333333333,"EURUSD:n=5,avgR=0.50; MSFT:n=1,avgR=-1.00; SP500:n=3,avgR=-0.17"
14,3,long,fib,candle,1.5,9,0.4444444444444444,0.1111111111111111,1.2,1.0,3.0,4,2,0.3333333333333333,"EURUSD:n=3,avgR=-0.17; MSFT:n=2,avgR=0.25; SP500:n=1,avgR=-1.00; NASDAQ:n=3,avgR=0.67"
9,3,long,bb,candle,2.5,3,0.3333333333333333,0.16666666666666666,1.25,0.5,1.0,2,1,0.28867513459481287,"EURUSD:n=2,avgR=-1.00; NASDAQ:n=1,avgR=2.50"
14,3,long,bb,candle,2.5,3,0.3333333333333333,0.16666666666666666,1.25,0.5,1.0,2,1,0.28867513459481287,"EURUSD:n=2,avgR=-1.00; NASDAQ:n=1,avgR=2.50"
14,3,long,sr+fib,macd,2.5,3,0.3333333333333333,0.16666666666666666,1.25,0.5,2.0,3,1,0.28867513459481287,"MSFT:n=1,avgR=2.50; SP500:n=1,avgR=-1.00; NASDAQ:n=1,avgR=-1.00"
9,3,long,fib,either,1.5,14,0.42857142857142855,0.07142857142857142,1.125,1.0,5.0,4,2,0.26726124191242434,"EURUSD:n=4,avgR=-0.38; MSFT:n=4,avgR=0.88; SP500:n=3,avgR=-1.00; NASDAQ:n=3,avgR=0.67"
9,3,short,sr+bb,macd,1.5,13,0.46153846153846156,0.06595028173353393,1.1224790946479914,0.857353662535941,3.142646337464059,4,2,0.23778712242155267,"EURUSD:n=3,avgR=-0.17; MSFT:n=6,avgR=-0.36; SP500:n=2,avgR=0.25; NASDAQ:n=2,avgR=1.50"
14,3,short,sr+fib+bb,either,2.5,3,0.3333333333333333,0.12934912701179288,1.1837386774451493,0.3880473810353786,1.1119526189646214,3,1,0.22403925989910511,"MSFT:n=1,avgR=-1.00; SP500:n=1,avgR=2.50; NASDAQ:n=1,avgR=-1.11"
9,3,short,sr+fib+bb,macd,2.5,3,0.3333333333333333,0.12934912701179288,1.1837386774451493,0.3880473810353786,1.1119526189646214,3,1,0.22403925989910511,"MSFT:n=1,avgR=-1.00; SP500:n=1,avgR=2.50; NASDAQ:n=1,avgR=-1.11"
9,3,short,sr+fib+bb,either,2.5,3,0.3333333333333333,0.12934912701179288,1.1837386774451493,0.3880473810353786,1.1119526189646214,3,1,0.22403925989910511,"MSFT:n=1,avgR=-1.00; SP500:n=1,avgR=2.50; NASDAQ:n=1,avgR=-1.11"
14,3,short,sr+fib+bb,macd,2.5,3,0.3333333333333333,0.12934912701179288,1.1837386774451493,0.3880473810353786,1.1119526189646214,3,1,0.22403925989910511,"MSFT:n=1,avgR=-1.00; SP500:n=1,avgR=2.50; NASDAQ:n=1,avgR=-1.11"
14,3,short,fib+bb,either,2.5,3,0.3333333333333333,0.12934912701179288,1.1837386774451493,0.3880473810353786,1.1119526189646214,3,1,0.22403925989910511,"MSFT:n=1,avgR=-1.00; SP500:n=1,avgR=2.50; NASDAQ:n=1,avgR=-1.11"
14,3,short,fib+bb,macd,2.5,3,0.3333333333333333,0.12934912701179288,1.1837386774451493,0.3880473810353786,1.1119526189646214,3,1,0.22403925989910511,"MSFT:n=1,avgR=-1.00; SP500:n=1,avgR=2.50; NASDAQ:n=1,avgR=-1.11"
14,3,short,sr+bb,either,2.5,10,0.3,0.05,1.0714285714285714,0.5,3.5,4,2,0.158113883008419,"EURUSD:n=1,avgR=-1.00; MSFT:n=6,avgR=-0.42; SP500:n=2,avgR=0.75; NASDAQ:n=1,avgR=2.50"
9,3,long,sr,macd,1.5,122,0.4262295081967213,0.011083061705036718,1.0196188524506475,1.3521335280144797,17.68120838409713,5,3,0.12241641770789355,"GOOG:n=7,avgR=-0.01; EURUSD:n=36,avgR=-0.19; MSFT:n=35,avgR=0.01; SP500:n=23,avgR=0.33; NASDAQ:n=21,avgR=0.00"
14,5,long,sr,macd,2.5,20,0.3,0.018338068801715467,1.0284922028114758,0.36676137603430936,3.0,5,3,0.0820103368334078,"GOOG:n=2,avgR=-1.27; EURUSD:n=8,avgR=0.37; MSFT:n=7,avgR=0.10; SP500:n=1,avgR=1.25; NASDAQ:n=2,avgR=-1.00"
14,5,long,sr+fib,candle,1.5,5,0.4,0.0,1.0,0.0,3.0,4,2,0.0,"EURUSD:n=1,avgR=1.50; MSFT:n=1,avgR=-1.00; SP500:n=2,avgR=-1.00; NASDAQ:n=1,avgR=1.50"
14,5,long,bb,either,1.5,5,0.4,0.0,1.0,0.0,2.0,3,1,0.0,"EURUSD:n=3,avgR=-0.17; MSFT:n=1,avgR=-1.00; NASDAQ:n=1,avgR=1.50"
14,5,long,fib,candle,1.5,5,0.4,0.0,1.0,0.0,3.0,4,2,0.0,"EURUSD:n=1,avgR=1.50; MSFT:n=1,avgR=-1.00; SP500:n=2,avgR=-1.00; NASDAQ:n=1,avgR=1.50"
9,5,short,fib+bb,either,2.5,7,0.2857142857142857,0.0,1.0,0.0,5.0,4,2,0.0,"GOOG:n=1,avgR=2.50; EURUSD:n=1,avgR=-1.00; MSFT:n=3,avgR=-1.00; NASDAQ:n=2,avgR=0.75"
9,5,long,bb,macd,2.5,7,0.2857142857142857,0.0,1.0,0.0,4.0,3,1,0.0,"EURUSD:n=4,avgR=0.75; MSFT:n=2,avgR=-1.00; SP500:n=1,avgR=-1.00"
9,3,long,sr+bb,macd,1.5,5,0.4,0.0,1.0,0.0,3.0,3,1,0.0,"EURUSD:n=2,avgR=1.50; MSFT:n=2,avgR=-1.00; SP500:n=1,avgR=-1.00"
9,5,long,sr+bb,either,1.5,5,0.4,0.0,1.0,0.0,3.0,4,2,0.0,"EURUSD:n=1,avgR=1.50; MSFT:n=2,avgR=-1.00; SP500:n=1,avgR=-1.00; NASDAQ:n=1,avgR=1.50"
9,5,short,fib+bb,macd,2.5,7,0.2857142857142857,-0.013688169250672415,0.9811968951630828,-0.09581718475470691,5.095817184754707,4,2,-0.03621549174104056,"GOOG:n=1,avgR=2.50; EURUSD:n=1,avgR=-1.00; MSFT:n=3,avgR=-1.03; NASDAQ:n=2,avgR=0.75"
9,3,short,sr+fib,macd,2.5,7,0.2857142857142857,-0.015993231280660197,0.9780998324301182,-0.11195261896462139,3.0,5,2,-0.042314112628965936,"GOOG:n=1,avgR=-1.00; EURUSD:n=1,avgR=-1.00; MSFT:n=2,avgR=-1.00; SP500:n=1,avgR=2.50; NASDAQ:n=2,avgR=0.69"
9,3,short,fib+bb,either,1.5,5,0.4,-0.022390523792924277,0.9640249603151512,-0.11195261896462139,1.1119526189646214,3,2,-0.05006673325280511,"MSFT:n=2,avgR=-1.00; SP500:n=1,avgR=1.50; NASDAQ:n=2,avgR=0.19"
9,3,short,fib+bb,macd,1.5,5,0.4,-0.022390523792924277,0.9640249603151512,-0.11195261896462139,1.1119526189646214,3,2,-0.05006673325280511,"MSFT:n=2,avgR=-1.00; SP500:n=1,avgR=1.50; NASDAQ:n=2,avgR=0.19"
9,5,long,fib,either,2.5,11,0.2727272727272727,-0.045454545454545456,0.9375,-0.5,5.0,4,3,-0.15075567228888181,"EURUSD:n=3,avgR=0.17; MSFT:n=2,avgR=0.75; SP500:n=3,avgR=-1.00; NASDAQ:n=3,avgR=0.17"
14,3,short,bb,candle,2.5,11,0.2727272727272727,-0.045454545454545456,0.9375,-0.5,4.0,4,2,-0.15075567228888181,"EURUSD:n=4,avgR=0.75; MSFT:n=2,avgR=-1.00; SP500:n=2,avgR=0.75; NASDAQ:n=3,avgR=-1.00"
9,5,long,sr+fib,either,1.5,8,0.375,-0.0625,0.9,-0.5,4.0,4,3,-0.1767766952966369,"EURUSD:n=1,avgR=1.50; MSFT:n=2,avgR=0.25; SP500:n=3,avgR=-1.00; NASDAQ:n=2,avgR=0.25"
9,5,long,bb,either,1.5,8,0.375,-0.0625,0.9,-0.5,4.0,4,2,-0.1767766952966369,"EURUSD:n=4,avgR=0.25; MSFT:n=2,avgR=-1.00; SP500:n=1,avgR=-1.00; NASDAQ:n=1,avgR=1.50"
14,5,long,bb,macd,2.5,4,0.25,-0.125,0.8333333333333334,-0.5,2.0,2,1,-0.25,"EURUSD:n=3,avgR=0.17; MSFT:n=1,avgR=-1.00"
14,3,short,sr+bb,candle,2.5,4,0.25,-0.125,0.8333333333333334,-0.5,2.0,3,1,-0.25,"EURUSD:n=1,avgR=-1.00; MSFT:n=2,avgR=-1.00; SP500:n=1,avgR=2.50"
14,3,long,fib,macd,2.5,4,0.25,-0.125,0.8333333333333334,-0.5,2.0,4,1,-0.25,"EURUSD:n=1,avgR=-1.00; MSFT:n=1,avgR=2.50; SP500:n=1,avgR=-1.00; NASDAQ:n=1,avgR=-1.00"
9,5,long,sr+bb,macd,2.5,4,0.25,-0.125,0.8333333333333334,-0.5,3.0,3,1,-0.25,"EURUSD:n=1,avgR=2.50; MSFT:n=2,avgR=-1.00; SP500:n=1,avgR=-1.00"
9,3,long,sr+fib,macd,2.5,4,0.25,-0.125,0.8333333333333334,-0.5,2.0,4,1,-0.25,"EURUSD:n=1,avgR=-1.00; MSFT:n=1,avgR=2.50; SP500:n=1,avgR=-1.00; NASDAQ:n=1,avgR=-1.00"
14,5,short,sr,macd,2.5,40,0.3,-0.041843201421732056,0.9431819673344539,-1.6737280568692823,12.685834028083471,5,4,-0.26463964217173813,"GOOG:n=12,avgR=0.35; EURUSD:n=7,avgR=0.18; MSFT:n=10,avgR=0.04; SP500:n=8,avgR=-1.00; NASDAQ:n=3,avgR=0.13"
9,3,short,fib,macd,2.5,15,0.26666666666666666,-0.07413017459764143,0.8999318430257822,-1.1119526189646214,8.0,5,3,-0.28710493166811335,"GOOG:n=2,avgR=0.75; EURUSD:n=1,avgR=-1.00; MSFT:n=5,avgR=-1.00; SP500:n=3,avgR=0.17; NASDAQ:n=4,avgR=0.72"
14,3,long,sr+fib,macd,1.5,3,0.3333333333333333,-0.16666666666666666,0.75,-0.5,2.0,3,1,-0.28867513459481287,"MSFT:n=1,avgR=1.50; SP500:n=1,avgR=-1.00; NASDAQ:n=1,avgR=-1.00"
9,3,short,sr+bb,either,1.5,15,0.4,-0.07617642249760397,0.8730392958373268,-1.1426463374640594,5.142646337464059,4,1,-0.29503001570688014,"EURUSD:n=3,avgR=-0.17; MSFT:n=7,avgR=-0.45; SP500:n=3,avgR=-0.17; NASDAQ:n=2,avgR=1.50"
9,3,short,sr+fib+bb,macd,1.5,3,0.3333333333333333,-0.20398420632154046,0.7102432064670895,-0.6119526189646214,1.1119526189646214,3,1,-0.3533110092905206,"MSFT:n=1,avgR=-1.00; SP500:n=1,avgR=1.50; NASDAQ:n=1,avgR=-1.11"
14,3,short,fib+bb,either,1.5,3,0.3333333333333333,-0.20398420632154046,0.7102432064670895,-0.6119526189646214,1.1119526189646214,3,1,-0.3533110092905206,"MSFT:n=1,avgR=-1.00; SP500:n=1,avgR=1.50; NASDAQ:n=1,avgR=-1.11"
14,3,short,fib+bb,macd,1.5,3,0.3333333333333333,-0.20398420632154046,0.7102432064670895,-0.6119526189646214,1.1119526189646214,3,1,-0.3533110092905206,"MSFT:n=1,avgR=-1.00; SP500:n=1,avgR=1.50; NASDAQ:n=1,avgR=-1.11"
14,3,short,sr+fib+bb,macd,1.5,3,0.3333333333333333,-0.20398420632154046,0.7102432064670895,-0.6119526189646214,1.1119526189646214,3,1,-0.3533110092905206,"MSFT:n=1,avgR=-1.00; SP500:n=1,avgR=1.50; NASDAQ:n=1,avgR=-1.11"
9,3,short,sr+fib+bb,either,1.5,3,0.3333333333333333,-0.20398420632154046,0.7102432064670895,-0.6119526189646214,1.1119526189646214,3,1,-0.3533110092905206,"MSFT:n=1,avgR=-1.00; SP500:n=1,avgR=1.50; NASDAQ:n=1,avgR=-1.11"
14,3,short,sr+fib+bb,either,1.5,3,0.3333333333333333,-0.20398420632154046,0.7102432064670895,-0.6119526189646214,1.1119526189646214,3,1,-0.3533110092905206,"MSFT:n=1,avgR=-1.00; SP500:n=1,avgR=1.50; NASDAQ:n=1,avgR=-1.11"
14,3,short,fib,macd,2.5,8,0.25,-0.13899407737057767,0.8180691690059291,-1.1119526189646214,4.0,4,2,-0.3931346186140125,"GOOG:n=2,avgR=0.75; MSFT:n=2,avgR=-1.00; SP500:n=3,avgR=0.17; NASDAQ:n=1,avgR=-1.11"
14,5,long,sr+fib,either,1.5,6,0.3333333333333333,-0.16666666666666666,0.75,-1.0,3.0,4,2,-0.40824829046386296,"EURUSD:n=1,avgR=1.50; MSFT:n=1,avgR=-1.00; SP500:n=2,avgR=-1.00; NASDAQ:n=2,avgR=0.25"
14,3,long,sr,macd,1.5,76,0.39473684210526316,-0.055385965693641716,0.9072467473245007,-4.20933339271677,16.268210792728087,5,2,-0.4828436546979898,"GOOG:n=6,avgR=-0.26; EURUSD:n=22,avgR=-0.20; MSFT:n=18,avgR=-0.20; SP500:n=16,avgR=0.29; NASDAQ:n=14,avgR=0.05"
14,3,short,sr+bb,macd,1.5,9,0.3333333333333333,-0.16666666666666666,0.75,-1.5,3.5,4,2,-0.5,"EURUSD:n=1,avgR=-1.00; MSFT:n=5,avgR=-0.50; SP500:n=2,avgR=0.25; NASDAQ:n=1,avgR=1.50"
14,3,short,sr+fib,candle,1.5,11,0.36363636363636365,-0.15646655321386532,0.7770881178658222,-1.7211320853525185,3.7211320853525187,3,1,-0.518940849250568,"EURUSD:n=1,avgR=1.50; MSFT:n=4,avgR=-0.39; NASDAQ:n=6,avgR=-0.28"
14,5,long,fib,either,2.5,9,0.2222222222222222,-0.2222222222222222,0.7142857142857143,-2.0,4.0,4,2,-0.6666666666666666,"EURUSD:n=3,avgR=0.17; MSFT:n=1,avgR=-1.00; SP500:n=2,avgR=-1.00; NASDAQ:n=3,avgR=0.17"
14,5,short,sr+fib+bb,either,2.5,5,0.2,-0.3,0.625,-1.5,4.0,3,1,-0.6708203932499369,"GOOG:n=1,avgR=2.50; MSFT:n=3,avgR=-1.00; NASDAQ:n=1,avgR=-1.00"
9,3,short,sr+bb,candle,2.5,5,0.2,-0.3,0.625,-1.5,3.0,3,1,-0.6708203932499369,"EURUSD:n=1,avgR=-1.00; MSFT:n=2,avgR=-1.00; SP500:n=2,avgR=0.75"
9,3,long,fib,macd,2.5,5,0.2,-0.3,0.625,-1.5,3.0,4,1,-0.6708203932499369,"EURUSD:n=1,avgR=-1.00; MSFT:n=1,avgR=2.50; SP500:n=2,avgR=-1.00; NASDAQ:n=1,avgR=-1.00"
9,5,short,sr+fib+bb,either,2.5,5,0.2,-0.3,0.625,-1.5,4.0,3,1,-0.6708203932499369,"GOOG:n=1,avgR=2.50; MSFT:n=3,avgR=-1.00; NASDAQ:n=1,avgR=-1.00"
14,5,short,fib+bb,either,2.5,5,0.2,-0.3,0.625,-1.5,4.0,3,1,-0.6708203932499369,"GOOG:n=1,avgR=2.50; MSFT:n=3,avgR=-1.00; NASDAQ:n=1,avgR=-1.00"
9,5,long,sr,macd,1.5,38,0.3684210526315789,-0.10888578157383703,0.8266583868313526,-4.137659699805807,8.841051966547305,5,1,-0.6712170366579823,"GOOG:n=3,avgR=-0.35; EURUSD:n=14,avgR=-0.29; MSFT:n=11,avgR=-0.12; SP500:n=5,avgR=0.45; NASDAQ:n=5,avgR=0.00"
9,3,short,fib,macd,1.5,15,0.3333333333333333,-0.17413017459764144,0.7416965132860696,-2.6119526189646214,8.0,5,2,-0.674403266288855,"GOOG:n=2,avgR=0.25; EURUSD:n=1,avgR=-1.00; MSFT:n=5,avgR=-1.00; SP500:n=3,avgR=-0.17; NASDAQ:n=4,avgR=0.85"
9,5,short,sr+fib+bb,macd,2.5,5,0.2,-0.3191634369509414,0.6103788053103063,-1.5958171847547071,4.095817184754707,3,1,-0.7136711409547732,"GOOG:n=1,avgR=2.50; MSFT:n=3,avgR=-1.03; NASDAQ:n=1,avgR=-1.00"
14,5,short,fib+bb,macd,2.5,5,0.2,-0.3191634369509414,0.6103788053103063,-1.5958171847547071,4.095817184754707,3,1,-0.7136711409547732,"GOOG:n=1,avgR=2.50; MSFT:n=3,avgR=-1.03; NASDAQ:n=1,avgR=-1.00"
14,5,short,sr+fib+bb,macd,2.5,5,0.2,-0.3191634369509414,0.6103788053103063,-1.5958171847547071,4.095817184754707,3,1,-0.7136711409547732,"GOOG:n=1,avgR=2.50; MSFT:n=3,avgR=-1.03; NASDAQ:n=1,avgR=-1.00"
14,3,short,sr+fib,macd,2.5,5,0.2,-0.32239052379292427,0.6079836592644137,-1.6119526189646214,2.0,4,1,-0.720887126502742,"GOOG:n=1,avgR=-1.00; MSFT:n=2,avgR=-1.00; SP500:n=1,avgR=2.50; NASDAQ:n=1,avgR=-1.11"
14,5,short,sr,either,2.5,85,0.29411764705882354,-0.07862669583628454,0.8964524367650515,-6.683269146084186,14.097798015117515,5,1,-0.7249023177926708,"GOOG:n=12,avgR=-0.12; EURUSD:n=17,avgR=-0.45; MSFT:n=21,avgR=0.33; SP500:n=21,avgR=-0.02; NASDAQ:n=14,avgR=-0.30"
14,3,short,sr,candle,2.5,113,0.2831858407079646,-0.06954417939430271,0.9080170723384818,-7.858492271556206,15.958649761916817,5,2,-0.7392647673884143,"GOOG:n=8,avgR=-0.84; EURUSD:n=32,avgR=-0.31; MSFT:n=30,avgR=0.15; SP500:n=22,avgR=0.26; NASDAQ:n=21,avgR=-0.06"
14,5,long,bb,macd,1.5,4,0.25,-0.375,0.5,-1.5,2.0,2,0,-0.75,"EURUSD:n=3,avgR=-0.17; MSFT:n=1,avgR=-1.00"
9,3,long,sr+fib,macd,1.5,4,0.25,-0.375,0.5,-1.5,2.0,4,1,-0.75,"EURUSD:n=1,avgR=-1.00; MSFT:n=1,avgR=1.50; SP500:n=1,avgR=-1.00; NASDAQ:n=1,avgR=-1.00"
9,5,long,sr+bb,macd,1.5,4,0.25,-0.375,0.5,-1.5,3.0,3,1,-0.75,"EURUSD:n=1,avgR=1.50; MSFT:n=2,avgR=-1.00; SP500:n=1,avgR=-1.00"
14,3,short,sr+bb,candle,1.5,4,0.25,-0.375,0.5,-1.5,2.0,3,1,-0.75,"EURUSD:n=1,avgR=-1.00; MSFT:n=2,avgR=-1.00; SP500:n=1,avgR=1.50"
9,5,short,fib+bb,either,1.5,7,0.2857142857142857,-0.2857142857142857,0.6,-2.0,5.0,4,2,-0.7559289460184544,"GOOG:n=1,avgR=1.50; EURUSD:n=1,avgR=-1.00; MSFT:n=3,avgR=-1.00; NASDAQ:n=2,avgR=0.25"
9,5,long,bb,macd,1.5,7,0.2857142857142857,-0.2857142857142857,0.6,-2.0,4.0,3,1,-0.7559289460184544,"EURUSD:n=4,avgR=0.25; MSFT:n=2,avgR=-1.00; SP500:n=1,avgR=-1.00"
14,3,short,bb,either,2.5,24,0.25,-0.15668989741264636,0.7980328014676698,-3.7605575379035128,11.119644997955128,4,1,-0.7676205930200513,"EURUSD:n=6,avgR=0.73; MSFT:n=7,avgR=-0.50; SP500:n=5,avgR=-0.30; NASDAQ:n=6,avgR=-0.52"
14,3,short,sr+bb,either,1.5,10,0.3,-0.25,0.6428571428571429,-2.5,4.5,4,2,-0.7905694150420949,"EURUSD:n=1,avgR=-1.00; MSFT:n=6,avgR=-0.58; SP500:n=2,avgR=0.25; NASDAQ:n=1,avgR=1.50"
9,5,short,fib+bb,macd,1.5,7,0.2857142857142857,-0.29940245496495815,0.5887181370978497,-2.095817184754707,5.095817184754707,4,2,-0.7921444377594952,"GOOG:n=1,avgR=1.50; EURUSD:n=1,avgR=-1.00; MSFT:n=3,avgR=-1.03; NASDAQ:n=2,avgR=0.25"
9,3,short,sr+fib,macd,1.5,7,0.2857142857142857,-0.3017075169949459,0.5868598994580709,-2.1119526189646214,3.0,5,2,-0.7982430586474204,"GOOG:n=1,avgR=-1.00; EURUSD:n=1,avgR=-1.00; MSFT:n=2,avgR=-1.00; SP500:n=1,avgR=1.50; NASDAQ:n=2,avgR=0.19"
14,3,short,bb,macd,1.5,18,0.3333333333333333,-0.20037870760020585,0.7138994869121762,-3.6068167368037054,8.606816736803705,4,2,-0.8501348576970116,"EURUSD:n=4,avgR=0.25; MSFT:n=6,avgR=-0.58; SP500:n=5,avgR=-0.50; NASDAQ:n=3,avgR=0.46"
14,5,short,fib,candle,1.5,18,0.3333333333333333,-0.20281457392168523,0.7114252016858648,-3.6506623305903343,6.650662330590334,4,1,-0.8604693632609036,"GOOG:n=1,avgR=-1.00; MSFT:n=6,avgR=-0.17; SP500:n=3,avgR=0.67; NASDAQ:n=8,avgR=-0.46"
14,3,short,sr,candle,1.5,113,0.3805309734513274,-0.0811755076245173,0.8730379017876756,-9.172832361570455,16.458649761916817,5,2,-0.8629074824713723,"GOOG:n=8,avgR=-0.38; EURUSD:n=32,avgR=-0.26; MSFT:n=30,avgR=0.06; SP500:n=22,avgR=0.23; NASDAQ:n=21,avgR=-0.23"
14,3,short,sr,macd,2.5,109,0.28440366972477066,-0.0873708799095151,0.877678143100637,-9.523425910137146,17.371087944312457,5,3,-0.9121787662085525,"GOOG:n=15,avgR=0.14; EURUSD:n=24,avgR=-0.34; MSFT:n=35,avgR=0.20; SP500:n=23,avgR=-0.45; NASDAQ:n=12,avgR=0.01"
14,5,long,sr,macd,1.5,20,0.3,-0.20633924549784508,0.6794068288073204,-4.126784909956902,4.58462018802932,5,2,-0.922777158718398,"GOOG:n=2,avgR=-1.27; EURUSD:n=8,avgR=0.06; MSFT:n=7,avgR=-0.19; SP500:n=1,avgR=1.25; NASDAQ:n=2,avgR=-1.00"
14,3,short,bb,either,1.5,24,0.3333333333333333,-0.19195069736682105,0.7225948350116873,-4.606816736803705,10.606816736803705,4,1,-0.9403625286402122,"EURUSD:n=6,avgR=0.67; MSFT:n=7,avgR=-0.64; SP500:n=5,avgR=-0.50; NASDAQ:n=6,avgR=-0.27"
9,5,short,sr+fib+bb,candle,1.5,1,0.0,-1.0,0.0,-1.0,0.0,1,0,-1.0,"MSFT:n=1,avgR=-1.00"
9,5,short,fib+bb,candle,1.5,1,0.0,-1.0,0.0,-1.0,0.0,1,0,-1.0,"MSFT:n=1,avgR=-1.00"
9,5,short,fib+bb,candle,2.5,1,0.0,-1.0,0.0,-1.0,0.0,1,0,-1.0,"MSFT:n=1,avgR=-1.00"
9,5,short,sr+fib+bb,candle,2.5,1,0.0,-1.0,0.0,-1.0,0.0,1,0,-1.0,"MSFT:n=1,avgR=-1.00"
9,3,long,sr+fib+bb,either,2.5,1,0.0,-1.0,0.0,-1.0,0.0,1,0,-1.0,"SP500:n=1,avgR=-1.00"
9,3,long,sr+fib+bb,macd,2.5,1,0.0,-1.0,0.0,-1.0,0.0,1,0,-1.0,"SP500:n=1,avgR=-1.00"
14,5,short,sr+fib+bb,candle,2.5,1,0.0,-1.0,0.0,-1.0,0.0,1,0,-1.0,"MSFT:n=1,avgR=-1.00"
14,5,short,sr+fib+bb,candle,1.5,1,0.0,-1.0,0.0,-1.0,0.0,1,0,-1.0,"MSFT:n=1,avgR=-1.00"
14,5,short,fib+bb,candle,1.5,1,0.0,-1.0,0.0,-1.0,0.0,1,0,-1.0,"MSFT:n=1,avgR=-1.00"
14,5,short,fib+bb,candle,2.5,1,0.0,-1.0,0.0,-1.0,0.0,1,0,-1.0,"MSFT:n=1,avgR=-1.00"
9,3,long,sr+fib+bb,macd,1.5,1,0.0,-1.0,0.0,-1.0,0.0,1,0,-1.0,"SP500:n=1,avgR=-1.00"
9,5,long,sr+fib+bb,macd,1.5,1,0.0,-1.0,0.0,-1.0,0.0,1,0,-1.0,"SP500:n=1,avgR=-1.00"
14,3,long,sr+fib+bb,macd,2.5,1,0.0,-1.0,0.0,-1.0,0.0,1,0,-1.0,"SP500:n=1,avgR=-1.00"
14,3,long,fib+bb,either,2.5,1,0.0,-1.0,0.0,-1.0,0.0,1,0,-1.0,"SP500:n=1,avgR=-1.00"
14,3,long,sr+fib+bb,either,2.5,1,0.0,-1.0,0.0,-1.0,0.0,1,0,-1.0,"SP500:n=1,avgR=-1.00"
14,3,long,sr+fib+bb,either,1.5,1,0.0,-1.0,0.0,-1.0,0.0,1,0,-1.0,"SP500:n=1,avgR=-1.00"
14,3,long,sr+fib+bb,macd,1.5,1,0.0,-1.0,0.0,-1.0,0.0,1,0,-1.0,"SP500:n=1,avgR=-1.00"
9,3,long,fib+bb,macd,1.5,1,0.0,-1.0,0.0,-1.0,0.0,1,0,-1.0,"SP500:n=1,avgR=-1.00"
9,3,long,fib+bb,macd,2.5,1,0.0,-1.0,0.0,-1.0,0.0,1,0,-1.0,"SP500:n=1,avgR=-1.00"
9,3,long,fib+bb,either,2.5,1,0.0,-1.0,0.0,-1.0,0.0,1,0,-1.0,"SP500:n=1,avgR=-1.00"
9,3,long,fib+bb,either,1.5,1,0.0,-1.0,0.0,-1.0,0.0,1,0,-1.0,"SP500:n=1,avgR=-1.00"
9,5,long,sr+fib+bb,either,1.5,1,0.0,-1.0,0.0,-1.0,0.0,1,0,-1.0,"SP500:n=1,avgR=-1.00"
9,5,long,sr+fib+bb,either,2.5,1,0.0,-1.0,0.0,-1.0,0.0,1,0,-1.0,"SP500:n=1,avgR=-1.00"
14,3,long,fib+bb,macd,1.5,1,0.0,-1.0,0.0,-1.0,0.0,1,0,-1.0,"SP500:n=1,avgR=-1.00"
9,3,short,fib+bb,candle,2.5,1,0.0,-1.0,0.0,-1.0,0.0,1,0,-1.0,"MSFT:n=1,avgR=-1.00"
14,3,long,fib+bb,either,1.5,1,0.0,-1.0,0.0,-1.0,0.0,1,0,-1.0,"SP500:n=1,avgR=-1.00"
14,3,long,fib+bb,macd,2.5,1,0.0,-1.0,0.0,-1.0,0.0,1,0,-1.0,"SP500:n=1,avgR=-1.00"
9,3,short,fib+bb,candle,1.5,1,0.0,-1.0,0.0,-1.0,0.0,1,0,-1.0,"MSFT:n=1,avgR=-1.00"
9,5,long,sr+fib+bb,macd,2.5,1,0.0,-1.0,0.0,-1.0,0.0,1,0,-1.0,"SP500:n=1,avgR=-1.00"
9,3,long,sr+fib+bb,either,1.5,1,0.0,-1.0,0.0,-1.0,0.0,1,0,-1.0,"SP500:n=1,avgR=-1.00"
9,5,short,bb,macd,2.5,16,0.25,-0.2597171624134676,0.654080245860671,-4.1554745986154815,8.14264633746406,5,2,-1.0388686496538704,"GOOG:n=1,avgR=2.50; EURUSD:n=2,avgR=-1.00; MSFT:n=6,avgR=-0.19; SP500:n=4,avgR=-1.00; NASDAQ:n=3,avgR=0.16"
14,3,short,bb,candle,1.5,11,0.2727272727272727,-0.3181818181818182,0.5625,-3.5,5.0,4,2,-1.0552897060221726,"EURUSD:n=4,avgR=0.25; MSFT:n=2,avgR=-1.00; SP500:n=2,avgR=0.25; NASDAQ:n=3,avgR=-1.00"
9,5,long,fib,either,1.5,11,0.2727272727272727,-0.3181818181818182,0.5625,-3.5,5.0,4,1,-1.0552897060221726,"EURUSD:n=3,avgR=-0.17; MSFT:n=2,avgR=0.25; SP500:n=3,avgR=-1.00; NASDAQ:n=3,avgR=-0.17"
9,5,short,fib,macd,2.5,22,0.22727272727272727,-0.22855754707763332,0.7131338590215064,-5.028266035707933,13.677166606305313,5,2,-1.0720299208395168,"GOOG:n=2,avgR=2.50; EURUSD:n=3,avgR=-1.00; MSFT:n=6,avgR=-1.02; SP500:n=3,avgR=0.17; NASDAQ:n=8,avgR=-0.18"
9,5,short,sr,macd,2.5,63,0.2698412698412698,-0.13535811330952796,0.8172752050839024,-8.527561138500262,17.68657250446847,5,3,-1.074371717255739,"GOOG:n=13,avgR=0.25; EURUSD:n=10,avgR=-0.17; MSFT:n=16,avgR=0.17; SP500:n=15,avgR=-1.00; NASDAQ:n=9,avgR=0.24"
14,5,short,sr,candle,1.5,61,0.36065573770491804,-0.138366086972199,0.789076546714538,-8.440331305304138,12.933922601954789,5,2,-1.080673685931089,"GOOG:n=4,avgR=-0.38; EURUSD:n=15,avgR=-0.43; MSFT:n=14,avgR=0.07; SP500:n=15,avgR=0.14; NASDAQ:n=13,avgR=-0.28"
14,3,short,sr+fib,either,1.5,16,0.3125,-0.27081779401982126,0.6338161339505773,-4.33308470431714,4.83308470431714,5,2,-1.083271176079285,"GOOG:n=1,avgR=-1.00; EURUSD:n=1,avgR=1.50; MSFT:n=6,avgR=-0.60; SP500:n=1,avgR=1.50; NASDAQ:n=7,avgR=-0.39"
14,3,short,fib,macd,1.5,8,0.25,-0.3889940773705777,0.4908415014035575,-3.1119526189646214,4.611952618964621,4,1,-1.10024139980056,"GOOG:n=2,avgR=0.25; MSFT:n=2,avgR=-1.00; SP500:n=3,avgR=-0.17; NASDAQ:n=1,avgR=-1.11"
14,5,short,sr+fib+bb,either,1.5,5,0.2,-0.5,0.375,-2.5,4.0,3,1,-1.118033988749895,"GOOG:n=1,avgR=1.50; MSFT:n=3,avgR=-1.00; NASDAQ:n=1,avgR=-1.00"
9,3,long,fib,macd,1.5,5,0.2,-0.5,0.375,-2.5,3.0,4,1,-1.118033988749895,"EURUSD:n=1,avgR=-1.00; MSFT:n=1,avgR=1.50; SP500:n=2,avgR=-1.00; NASDAQ:n=1,avgR=-1.00"
14,5,short,fib+bb,either,1.5,5,0.2,-0.5,0.375,-2.5,4.0,3,1,-1.118033988749895,"GOOG:n=1,avgR=1.50; MSFT:n=3,avgR=-1.00; NASDAQ:n=1,avgR=-1.00"
9,3,short,sr+bb,candle,1.5,5,0.2,-0.5,0.375,-2.5,3.0,3,1,-1.118033988749895,"EURUSD:n=1,avgR=-1.00; MSFT:n=2,avgR=-1.00; SP500:n=2,avgR=0.25"
9,5,short,sr+fib+bb,either,1.5,5,0.2,-0.5,0.375,-2.5,4.0,3,1,-1.118033988749895,"GOOG:n=1,avgR=1.50; MSFT:n=3,avgR=-1.00; NASDAQ:n=1,avgR=-1.00"
14,3,short,bb,macd,2.5,18,0.2222222222222222,-0.26447541877241737,0.674372562495917,-4.760557537903512,9.619644997955128,4,0,-1.1220741724267693,"EURUSD:n=4,avgR=-0.16; MSFT:n=6,avgR=-0.42; SP500:n=5,avgR=-0.30; NASDAQ:n=3,avgR=-0.04"
9,5,short,bb,macd,1.5,16,0.3125,-0.2901653960915037,0.5779412420487219,-4.642646337464059,9.14264633746406,5,2,-1.1606615843660149,"GOOG:n=1,avgR=1.50; EURUSD:n=2,avgR=-1.00; MSFT:n=6,avgR=-0.36; SP500:n=4,avgR=-1.00; NASDAQ:n=3,avgR=0.67"
14,5,short,sr+fib+bb,macd,1.5,5,0.2,-0.5191634369509414,0.36622728318618375,-2.595817184754707,4.095817184754707,3,1,-1.160884736454731,"GOOG:n=1,avgR=1.50; MSFT:n=3,avgR=-1.03; NASDAQ:n=1,avgR=-1.00"
9,5,short,sr+fib+bb,macd,1.5,5,0.2,-0.5191634369509414,0.36622728318618375,-2.595817184754707,4.095817184754707,3,1,-1.160884736454731,"GOOG:n=1,avgR=1.50; MSFT:n=3,avgR=-1.03; NASDAQ:n=1,avgR=-1.00"
14,5,short,fib+bb,macd,1.5,5,0.2,-0.5191634369509414,0.36622728318618375,-2.595817184754707,4.095817184754707,3,1,-1.160884736454731,"GOOG:n=1,avgR=1.50; MSFT:n=3,avgR=-1.03; NASDAQ:n=1,avgR=-1.00"
9,3,short,bb,candle,2.5,15,0.2,-0.3,0.625,-4.5,7.5,4,1,-1.161895003862225,"EURUSD:n=4,avgR=0.75; MSFT:n=3,avgR=-1.00; SP500:n=5,avgR=-0.30; NASDAQ:n=3,avgR=-1.00"
14,3,short,sr+fib,macd,1.5,5,0.2,-0.5223905237929243,0.3647901955586482,-2.6119526189646214,2.0,4,1,-1.1681007220027,"GOOG:n=1,avgR=-1.00; MSFT:n=2,avgR=-1.00; SP500:n=1,avgR=1.50; NASDAQ:n=1,avgR=-1.11"
9,5,short,sr+fib,macd,2.5,11,0.18181818181818182,-0.37234701679588245,0.549703220550693,-4.095817184754707,9.095817184754708,5,2,-1.234935346520102,"GOOG:n=1,avgR=2.50; EURUSD:n=1,avgR=-1.00; MSFT:n=4,avgR=-1.02; SP500:n=2,avgR=-1.00; NASDAQ:n=3,avgR=0.17"
9,3,short,sr+fib,candle,1.5,14,0.2857142857142857,-0.3372237203823228,0.5596423915154773,-4.721132085352519,6.570469754762184,4,1,-1.2617756243639082,"EURUSD:n=2,avgR=0.25; MSFT:n=5,avgR=-0.51; SP500:n=1,avgR=-1.00; NASDAQ:n=6,avgR=-0.28"
14,5,long,fib,either,1.5,9,0.2222222222222222,-0.4444444444444444,0.42857142857142855,-4.0,4.0,4,0,-1.3333333333333333,"EURUSD:n=3,avgR=-0.17; MSFT:n=1,avgR=-1.00; SP500:n=2,avgR=-1.00; NASDAQ:n=3,avgR=-0.17"
14,5,short,sr+fib,macd,2.5,7,0.14285714285714285,-0.5136881692506724,0.4101172860387543,-3.595817184754707,6.095817184754707,4,1,-1.3590911472733358,"GOOG:n=1,avgR=2.50; MSFT:n=4,avgR=-1.02; SP500:n=1,avgR=-1.00; NASDAQ:n=1,avgR=-1.00"
14,5,short,sr,candle,2.5,61,0.26229508196721313,-0.1741965772998343,0.779551741461571,-10.625991215289892,16.93392260195479,5,2,-1.360518761400079,"GOOG:n=4,avgR=-1.55; EURUSD:n=15,avgR=-0.69; MSFT:n=14,avgR=0.25; SP500:n=15,avgR=0.38; NASDAQ:n=13,avgR=-0.24"
9,5,short,sr+bb,macd,2.5,9,0.2222222222222222,-0.4602940374960066,0.4081933803622773,-4.142646337464059,6.642646337464059,4,1,-1.38088211248802,"GOOG:n=1,avgR=2.50; MSFT:n=4,avgR=-0.66; SP500:n=3,avgR=-1.00; NASDAQ:n=1,avgR=-1.00"
14,5,long,fib+bb,either,2.5,2,0.0,-1.0,0.0,-2.0,1.0,1,0,-1.4142135623730951,"EURUSD:n=2,avgR=-1.00"
14,5,long,fib+bb,macd,1.5,2,0.0,-1.0,0.0,-2.0,1.0,1,0,-1.4142135623730951,"EURUSD:n=2,avgR=-1.00"
14,5,long,fib+bb,macd,2.5,2,0.0,-1.0,0.0,-2.0,1.0,1,0,-1.4142135623730951,"EURUSD:n=2,avgR=-1.00"
14,5,long,sr+fib,macd,2.5,2,0.0,-1.0,0.0,-2.0,1.0,2,0,-1.4142135623730951,"MSFT:n=1,avgR=-1.00; NASDAQ:n=1,avgR=-1.00"
14,5,long,sr+fib,macd,1.5,2,0.0,-1.0,0.0,-2.0,1.0,2,0,-1.4142135623730951,"MSFT:n=1,avgR=-1.00; NASDAQ:n=1,avgR=-1.00"
14,5,long,fib+bb,either,1.5,2,0.0,-1.0,0.0,-2.0,1.0,1,0,-1.4142135623730951,"EURUSD:n=2,avgR=-1.00"
14,3,short,sr+fib,candle,2.5,11,0.18181818181818182,-0.4291938259411381,0.5143433867680736,-4.721132085352519,5.221132085352519,3,0,-1.423474882983859,"EURUSD:n=1,avgR=-1.00; MSFT:n=4,avgR=-0.14; NASDAQ:n=6,avgR=-0.53"
9,5,short,fib,candle,1.5,21,0.2857142857142857,-0.31669820621858735,0.5750555350241542,-6.650662330590334,7.150662330590334,5,1,-1.4512935024534108,"GOOG:n=2,avgR=-1.00; EURUSD:n=1,avgR=-1.00; MSFT:n=7,avgR=-0.29; SP500:n=3,avgR=0.67; NASDAQ:n=8,avgR=-0.46"
14,3,short,sr,either,2.5,177,0.2768361581920904,-0.11095636248144498,0.8516566261916775,-19.63927615921576,23.90866782197615,5,1,-1.476178391792518,"GOOG:n=17,avgR=-0.33; EURUSD:n=40,avgR=-0.33; MSFT:n=54,avgR=0.10; SP500:n=38,avgR=-0.03; NASDAQ:n=28,avgR=-0.17"
14,5,short,fib,either,1.5,30,0.3,-0.27168874435301116,0.6235375063295768,-8.150662330590334,12.650662330590334,4,1,-1.4881005390239852,"GOOG:n=3,avgR=0.67; MSFT:n=11,avgR=-0.32; SP500:n=5,avgR=0.00; NASDAQ:n=11,avgR=-0.60"
9,3,short,sr+fib,either,1.5,21,0.2857142857142857,-0.3253849859198638,0.5684299786222964,-6.83308470431714,8.070469754762184,5,1,-1.4911013279799161,"GOOG:n=1,avgR=-1.00; EURUSD:n=3,avgR=-0.17; MSFT:n=7,avgR=-0.65; SP500:n=2,avgR=0.25; NASDAQ:n=8,avgR=-0.16"
14,5,short,fib,macd,2.5,16,0.1875,-0.3767666272317458,0.5543947746299274,-6.028266035707933,11.028266035707933,4,2,-1.5070665089269832,"GOOG:n=2,avgR=2.50; MSFT:n=6,avgR=-1.02; SP500:n=3,avgR=0.17; NASDAQ:n=5,avgR=-1.09"
14,3,short,sr+fib,either,2.5,16,0.1875,-0.39581779401982126,0.5421784193701453,-6.33308470431714,5.762614949554956,5,1,-1.583271176079285,"GOOG:n=1,avgR=-1.00; EURUSD:n=1,avgR=-1.00; MSFT:n=6,avgR=-0.43; SP500:n=1,avgR=2.50; NASDAQ:n=7,avgR=-0.61"
14,5,short,sr+bb,macd,2.5,8,0.125,-0.5625,0.35714285714285715,-4.5,7.0,4,1,-1.5909902576697321,"GOOG:n=1,avgR=2.50; MSFT:n=3,avgR=-1.00; SP500:n=3,avgR=-1.00; NASDAQ:n=1,avgR=-1.00"
14,5,short,sr,either,1.5,86,0.3488372093023256,-0.17187874778037865,0.746705807878076,-14.781572309112564,17.781572309112562,5,1,-1.5939379343987605,"GOOG:n=12,avgR=-0.06; EURUSD:n=17,avgR=-0.35; MSFT:n=22,avgR=0.02; SP500:n=21,avgR=-0.18; NASDAQ:n=14,avgR=-0.33"
9,3,short,bb,macd,1.5,23,0.391304347826087,-0.33338265347841334,0.6170915457217309,-7.667801030003506,13.667801030003506,4,2,-1.5988470388774154,"EURUSD:n=4,avgR=0.25; MSFT:n=9,avgR=-1.17; SP500:n=5,avgR=-0.50; NASDAQ:n=5,avgR=0.88"
9,5,short,fib,macd,1.5,22,0.2727272727272727,-0.34219391071399696,0.5445217290522947,-7.528266035707933,12.177166606305313,5,1,-1.6050317117285429,"GOOG:n=2,avgR=1.50; EURUSD:n=3,avgR=-1.00; MSFT:n=6,avgR=-0.60; SP500:n=3,avgR=-0.17; NASDAQ:n=8,avgR=-0.43"
9,5,short,sr,either,2.5,119,0.2689075630252101,-0.14737060695558962,0.8067625842054474,-17.537102227715167,20.319506780198896,5,2,-1.6076235254376587,"GOOG:n=14,avgR=0.00; EURUSD:n=24,avgR=-0.61; MSFT:n=28,avgR=0.30; SP500:n=31,avgR=-0.33; NASDAQ:n=22,avgR=-0.04"
14,3,short,sr,either,1.5,180,0.3611111111111111,-0.12103286078299595,0.8145488334219678,-21.78591494093927,26.285914940939268,5,2,-1.6238262253322844,"GOOG:n=17,avgR=-0.13; EURUSD:n=40,avgR=-0.27; MSFT:n=56,avgR=0.05; SP500:n=39,avgR=0.01; NASDAQ:n=28,avgR=-0.42"
14,5,short,fib,macd,1.5,16,0.25,-0.40801662723174575,0.47891703312324807,-6.528266035707932,9.528266035707933,4,1,-1.632066508926983,"GOOG:n=2,avgR=1.50; MSFT:n=6,avgR=-0.60; SP500:n=3,avgR=-0.17; NASDAQ:n=5,avgR=-1.09"
14,3,short,fib,candle,1.5,25,0.28,-0.32884528341410074,0.5608635178753553,-8.221132085352519,8.721132085352519,5,2,-1.6442264170705037,"GOOG:n=1,avgR=-1.00; EURUSD:n=2,avgR=0.25; MSFT:n=9,avgR=-0.73; SP500:n=4,avgR=0.25; NASDAQ:n=9,avgR=-0.24"
9,3,short,bb,macd,2.5,23,0.30434782608695654,-0.34637186479222143,0.6385080745837098,-7.966552890221093,11.45372462906967,4,1,-1.6611411079591465,"EURUSD:n=4,avgR=-0.12; MSFT:n=9,avgR=-1.06; SP500:n=5,avgR=-0.30; NASDAQ:n=5,avgR=0.72"
9,3,short,sr+fib,either,2.5,21,0.19047619047619047,-0.37300403353891143,0.56075548150002,-7.83308470431714,7.070469754762184,5,1,-1.7093192182159085,"GOOG:n=1,avgR=-1.00; EURUSD:n=3,avgR=-1.00; MSFT:n=7,avgR=-0.51; SP500:n=2,avgR=0.75; NASDAQ:n=8,avgR=-0.22"
9,5,short,sr+bb,macd,1.5,9,0.2222222222222222,-0.5714051486071177,0.2653362375051344,-5.142646337464059,6.642646337464059,4,1,-1.714215445821353,"GOOG:n=1,avgR=1.50; MSFT:n=4,avgR=-0.66; SP500:n=3,avgR=-1.00; NASDAQ:n=1,avgR=-1.00"
9,5,long,sr+fib,macd,2.5,3,0.0,-1.0,0.0,-3.0,2.0,3,0,-1.7320508075688772,"MSFT:n=1,avgR=-1.00; SP500:n=1,avgR=-1.00; NASDAQ:n=1,avgR=-1.00"
9,5,long,fib+bb,macd,1.5,3,0.0,-1.0,0.0,-3.0,2.0,2,0,-1.7320508075688772,"EURUSD:n=2,avgR=-1.00; SP500:n=1,avgR=-1.00"
9,5,long,fib+bb,either,1.5,3,0.0,-1.0,0.0,-3.0,2.0,2,0,-1.7320508075688772,"EURUSD:n=2,avgR=-1.00; SP500:n=1,avgR=-1.00"
9,5,long,sr+fib,macd,1.5,3,0.0,-1.0,0.0,-3.0,2.0,3,0,-1.7320508075688772,"MSFT:n=1,avgR=-1.00; SP500:n=1,avgR=-1.00; NASDAQ:n=1,avgR=-1.00"
9,5,long,fib+bb,macd,2.5,3,0.0,-1.0,0.0,-3.0,2.0,2,0,-1.7320508075688772,"EURUSD:n=2,avgR=-1.00; SP500:n=1,avgR=-1.00"
14,5,short,sr+bb,candle,2.5,3,0.0,-1.0,0.0,-3.0,2.0,2,0,-1.7320508075688772,"MSFT:n=2,avgR=-1.00; SP500:n=1,avgR=-1.00"
14,5,short,sr+bb,candle,1.5,3,0.0,-1.0,0.0,-3.0,2.0,2,0,-1.7320508075688772,"MSFT:n=2,avgR=-1.00; SP500:n=1,avgR=-1.00"
9,5,long,fib+bb,either,2.5,3,0.0,-1.0,0.0,-3.0,2.0,2,0,-1.7320508075688772,"EURUSD:n=2,avgR=-1.00; SP500:n=1,avgR=-1.00"
14,5,short,sr+fib,macd,1.5,7,0.14285714285714285,-0.6565453121078153,0.24607037162325257,-4.595817184754707,6.095817184754707,4,1,-1.7370556202825633,"GOOG:n=1,avgR=1.50; MSFT:n=4,avgR=-1.02; SP500:n=1,avgR=-1.00; NASDAQ:n=1,avgR=-1.00"
9,3,short,sr,candle,1.5,133,0.3533834586466165,-0.15086358231189767,0.774907801127252,-20.06485644748239,21.564856447482384,5,0,-1.73984370626823,"GOOG:n=9,avgR=-0.45; EURUSD:n=36,avgR=-0.21; MSFT:n=32,avgR=-0.00; SP500:n=31,avgR=-0.04; NASDAQ:n=25,avgR=-0.29"
9,3,short,sr,macd,2.5,145,0.27586206896551724,-0.14826937549506708,0.7982882801461652,-21.499059446784727,29.183468098400184,5,3,-1.785399708162319,"GOOG:n=17,avgR=0.00; EURUSD:n=31,avgR=-0.38; MSFT:n=43,avgR=0.09; SP500:n=34,avgR=-0.42; NASDAQ:n=20,avgR=0.04"
9,5,short,fib,either,1.5,38,0.2894736842105263,-0.29343848238395615,0.5967307329830508,-11.150662330590334,14.650662330590334,5,1,-1.8088762898176245,"GOOG:n=4,avgR=0.25; EURUSD:n=3,avgR=-1.00; MSFT:n=12,avgR=-0.38; SP500:n=5,avgR=0.00; NASDAQ:n=14,avgR=-0.33"
14,5,short,bb,macd,1.5,11,0.18181818181818182,-0.5454545454545454,0.3333333333333333,-6.0,9.0,5,2,-1.8090680674665816,"GOOG:n=1,avgR=1.50; EURUSD:n=1,avgR=-1.00; MSFT:n=3,avgR=-1.00; SP500:n=4,avgR=-1.00; NASDAQ:n=2,avgR=0.25"
14,3,short,fib,either,1.5,32,0.28125,-0.32290889700991066,0.5664394755226377,-10.333084704317141,11.83308470431714,5,2,-1.8266485662494105,"GOOG:n=3,avgR=-0.17; EURUSD:n=2,avgR=0.25; MSFT:n=11,avgR=-0.78; SP500:n=6,avgR=0.25; NASDAQ:n=10,avgR=-0.33"
14,5,short,sr+bb,either,2.5,9,0.1111111111111111,-0.6111111111111112,0.3125,-5.5,8.0,4,1,-1.8333333333333335,"GOOG:n=1,avgR=2.50; MSFT:n=4,avgR=-1.00; SP500:n=3,avgR=-1.00; NASDAQ:n=1,avgR=-1.00"
9,5,short,sr+fib,macd,1.5,11,0.18181818181818182,-0.5541651986140642,0.32982193233041573,-6.095817184754707,9.095817184754708,5,1,-1.8379580356756293,"GOOG:n=1,avgR=1.50; EURUSD:n=1,avgR=-1.00; MSFT:n=4,avgR=-1.02; SP500:n=2,avgR=-1.00; NASDAQ:n=3,avgR=-0.17"
14,3,short,sr,macd,1.5,110,0.33636363636363636,-0.1756017391707687,0.7375023751899233,-19.316191308784557,23.816191308784557,5,1,-1.841726577963693,"GOOG:n=15,avgR=-0.01; EURUSD:n=24,avgR=-0.35; MSFT:n=35,avgR=0.04; SP500:n=24,avgR=-0.39; NASDAQ:n=12,avgR=-0.24"
9,5,short,sr+bb,either,2.5,11,0.18181818181818182,-0.5584223943149145,0.31748374028177123,-6.142646337464059,8.64264633746406,5,1,-1.8520775564744636,"GOOG:n=1,avgR=2.50; EURUSD:n=1,avgR=-1.00; MSFT:n=5,avgR=-0.73; SP500:n=3,avgR=-1.00; NASDAQ:n=1,avgR=-1.00"
9,3,short,bb,either,2.5,33,0.2727272727272727,-0.3323197845521543,0.6349104762750524,-10.966552890221092,17.45372462906967,4,2,-1.9090318210438708,"EURUSD:n=7,avgR=0.50; MSFT:n=10,avgR=-1.06; SP500:n=8,avgR=-0.56; NASDAQ:n=8,avgR=0.07"
9,3,short,bb,candle,1.5,15,0.2,-0.5,0.375,-7.5,9.0,4,1,-1.9364916731037085,"EURUSD:n=4,avgR=0.25; MSFT:n=3,avgR=-1.00; SP500:n=5,avgR=-0.50; NASDAQ:n=3,avgR=-1.00"
14,5,short,sr+bb,macd,1.5,8,0.125,-0.6875,0.21428571428571427,-5.5,7.0,4,1,-1.9445436482630059,"GOOG:n=1,avgR=1.50; MSFT:n=3,avgR=-1.00; SP500:n=3,avgR=-1.00; NASDAQ:n=1,avgR=-1.00"
14,5,short,sr,macd,1.5,41,0.2926829268292683,-0.3038461251191076,0.5909837329179358,-12.457691129883411,16.95769112988341,5,1,-1.9455644882002117,"GOOG:n=12,avgR=-0.06; EURUSD:n=7,avgR=0.07; MSFT:n=11,avgR=-0.33; SP500:n=8,avgR=-1.00; NASDAQ:n=3,avgR=-0.20"
9,5,short,sr+bb,candle,1.5,4,0.0,-1.0,0.0,-4.0,3.0,3,0,-2.0,"EURUSD:n=1,avgR=-1.00; MSFT:n=2,avgR=-1.00; SP500:n=1,avgR=-1.00"
9,5,short,sr+bb,candle,2.5,4,0.0,-1.0,0.0,-4.0,3.0,3,0,-2.0,"EURUSD:n=1,avgR=-1.00; MSFT:n=2,avgR=-1.00; SP500:n=1,avgR=-1.00"
9,5,short,sr,candle,1.5,78,0.32051282051282054,-0.23284813865125584,0.6651391145507033,-18.162154814797955,19.662154814797958,5,1,-2.056459078737442,"GOOG:n=6,avgR=0.25; EURUSD:n=21,avgR=-0.47; MSFT:n=16,avgR=-0.06; SP500:n=19,avgR=-0.23; NASDAQ:n=16,avgR=-0.27"
9,3,short,sr+fib,candle,2.5,14,0.14285714285714285,-0.551509434668037,0.3930467796775057,-7.721132085352519,7.221132085352519,4,0,-2.063559350101181,"EURUSD:n=2,avgR=-1.00; MSFT:n=5,avgR=-0.31; SP500:n=1,avgR=-1.00; NASDAQ:n=6,avgR=-0.53"
9,3,short,fib,either,1.5,43,0.27906976744186046,-0.3216996442864451,0.5654494425279142,-13.83308470431714,18.070469754762186,5,2,-2.109525640698185,"GOOG:n=3,avgR=-0.17; EURUSD:n=4,avgR=-0.38; MSFT:n=16,avgR=-0.85; SP500:n=7,avgR=0.07; NASDAQ:n=13,avgR=0.10"
9,5,short,sr+bb,either,1.5,11,0.18181818181818182,-0.6493314852240054,0.20637262917066013,-7.142646337464059,8.64264633746406,5,1,-2.1535889010522276,"GOOG:n=1,avgR=1.50; EURUSD:n=1,avgR=-1.00; MSFT:n=5,avgR=-0.73; SP500:n=3,avgR=-1.00; NASDAQ:n=1,avgR=-1.00"
14,5,short,sr+bb,either,1.5,9,0.1111111111111111,-0.7222222222222222,0.1875,-6.5,8.0,4,1,-2.1666666666666665,"GOOG:n=1,avgR=1.50; MSFT:n=4,avgR=-1.00; SP500:n=3,avgR=-1.00; NASDAQ:n=1,avgR=-1.00"
9,3,short,bb,either,1.5,33,0.3333333333333333,-0.3838727584849547,0.5479846170706136,-12.667801030003506,19.167801030003506,4,2,-2.205181109416185,"EURUSD:n=7,avgR=0.43; MSFT:n=10,avgR=-1.16; SP500:n=8,avgR=-0.69; NASDAQ:n=8,avgR=0.17"
14,5,long,fib,macd,2.5,5,0.0,-1.0,0.0,-5.0,4.0,3,0,-2.23606797749979,"EURUSD:n=2,avgR=-1.00; MSFT:n=1,avgR=-1.00; NASDAQ:n=2,avgR=-1.00"
14,5,long,fib,macd,1.5,5,0.0,-1.0,0.0,-5.0,4.0,3,0,-2.23606797749979,"EURUSD:n=2,avgR=-1.00; MSFT:n=1,avgR=-1.00; NASDAQ:n=2,avgR=-1.00"
14,5,short,bb,macd,2.5,11,0.09090909090909091,-0.6829843873774021,0.2496797043548326,-7.512828261151423,10.012828261151423,5,1,-2.265202950601587,"GOOG:n=1,avgR=2.50; EURUSD:n=1,avgR=-1.00; MSFT:n=3,avgR=-1.00; SP500:n=4,avgR=-1.00; NASDAQ:n=2,avgR=-1.01"
9,5,short,sr,either,1.5,120,0.3333333333333333,-0.2077173040389976,0.6973491643879174,-24.92607648467971,30.14375442612141,5,2,-2.275429060126359,"GOOG:n=14,avgR=0.16; EURUSD:n=24,avgR=-0.43; MSFT:n=29,avgR=0.08; SP500:n=31,avgR=-0.53; NASDAQ:n=22,avgR=-0.12"
9,5,short,sr,candle,2.5,78,0.23076923076923078,-0.2672796759587655,0.6712923206366775,-20.84781472478371,22.43392260195479,5,2,-2.360550182497413,"GOOG:n=6,avgR=-0.78; EURUSD:n=21,avgR=-0.78; MSFT:n=16,avgR=0.09; SP500:n=19,avgR=0.09; NASDAQ:n=16,avgR=-0.18"
9,5,short,sr,macd,1.5,64,0.296875,-0.29847180164766496,0.5888424289565716,-19.102195305450557,25.60033746734747,5,1,-2.3877744131813197,"GOOG:n=13,avgR=-0.14; EURUSD:n=10,avgR=-0.25; MSFT:n=17,avgR=-0.04; SP500:n=15,avgR=-1.00; NASDAQ:n=9,avgR=0.10"
9,5,short,sr+fib,either,2.5,16,0.125,-0.6031663956618959,0.3412814988957929,-9.650662330590334,12.150662330590334,5,1,-2.4126655826475836,"GOOG:n=1,avgR=2.50; EURUSD:n=1,avgR=-1.00; MSFT:n=5,avgR=-1.00; SP500:n=3,avgR=-1.00; NASDAQ:n=6,avgR=-0.53"
9,3,short,fib,candle,1.5,30,0.23333333333333334,-0.44070440284508394,0.44264329215904535,-13.221132085352519,13.721132085352519,5,0,-2.413837426300964,"GOOG:n=1,avgR=-1.00; EURUSD:n=3,avgR=-0.17; MSFT:n=12,avgR=-0.80; SP500:n=5,avgR=0.00; NASDAQ:n=9,avgR=-0.24"
9,3,short,sr,candle,2.5,133,0.24812030075187969,-0.20955512510702698,0.741809053269078,-27.870831639234588,24.685171729248832,5,2,-2.4167075973308583,"GOOG:n=9,avgR=-0.86; EURUSD:n=36,avgR=-0.46; MSFT:n=32,avgR=0.07; SP500:n=31,avgR=0.00; NASDAQ:n=25,avgR=-0.25"
9,5,long,fib,macd,2.5,6,0.0,-1.0,0.0,-6.0,5.0,4,0,-2.449489742783178,"EURUSD:n=2,avgR=-1.00; MSFT:n=1,avgR=-1.00; SP500:n=1,avgR=-1.00; NASDAQ:n=2,avgR=-1.00"
9,5,long,fib,macd,1.5,6,0.0,-1.0,0.0,-6.0,5.0,4,0,-2.449489742783178,"EURUSD:n=2,avgR=-1.00; MSFT:n=1,avgR=-1.00; SP500:n=1,avgR=-1.00; NASDAQ:n=2,avgR=-1.00"
9,5,short,bb,either,2.5,24,0.16666666666666666,-0.5064781082756451,0.3926158541913093,-12.155474598615482,16.142646337464058,5,1,-2.4812258623308407,"GOOG:n=1,avgR=2.50; EURUSD:n=3,avgR=-1.00; MSFT:n=8,avgR=-0.39; SP500:n=6,avgR=-1.00; NASDAQ:n=6,avgR=-0.42"
9,3,short,sr,macd,1.5,149,0.3288590604026846,-0.211218054389251,0.6892606011939433,-31.471490103998402,37.204149078542386,5,1,-2.5782449279494584,"GOOG:n=17,avgR=-0.13; EURUSD:n=32,avgR=-0.43; MSFT:n=43,avgR=-0.01; SP500:n=35,avgR=-0.44; NASDAQ:n=22,avgR=0.01"
9,5,short,bb,either,1.5,24,0.20833333333333334,-0.5267769307276692,0.3345975611861021,-12.64264633746406,17.142646337464058,5,1,-2.5806693771044604,"GOOG:n=1,avgR=1.50; EURUSD:n=3,avgR=-1.00; MSFT:n=8,avgR=-0.52; SP500:n=6,avgR=-1.00; NASDAQ:n=6,avgR=-0.17"
14,5,short,sr+fib,either,2.5,12,0.08333333333333333,-0.7625551942158612,0.21458007528343892,-9.150662330590334,11.650662330590334,4,1,-2.641568679914849,"GOOG:n=1,avgR=2.50; MSFT:n=5,avgR=-1.00; SP500:n=2,avgR=-1.00; NASDAQ:n=4,avgR=-1.16"
14,5,short,sr+fib,candle,1.5,6,0.0,-1.1084437217650558,0.0,-6.650662330590334,5.650662330590334,3,0,-2.715121526915915,"MSFT:n=2,avgR=-1.00; SP500:n=1,avgR=-1.00; NASDAQ:n=3,avgR=-1.22"
14,5,short,sr+fib,candle,2.5,6,0.0,-1.1084437217650558,0.0,-6.650662330590334,5.650662330590334,3,0,-2.715121526915915,"MSFT:n=2,avgR=-1.00; SP500:n=1,avgR=-1.00; NASDAQ:n=3,avgR=-1.22"
9,5,short,sr+fib,candle,2.5,6,0.0,-1.1084437217650558,0.0,-6.650662330590334,5.650662330590334,3,0,-2.715121526915915,"MSFT:n=2,avgR=-1.00; SP500:n=1,avgR=-1.00; NASDAQ:n=3,avgR=-1.22"
9,5,short,sr+fib,candle,1.5,6,0.0,-1.1084437217650558,0.0,-6.650662330590334,5.650662330590334,3,0,-2.715121526915915,"MSFT:n=2,avgR=-1.00; SP500:n=1,avgR=-1.00; NASDAQ:n=3,avgR=-1.22"
9,3,short,sr,either,1.5,224,0.3392857142857143,-0.18303081190375484,0.730351191379645,-40.99890186644108,45.49890186644109,5,1,-2.7393543574676644,"GOOG:n=20,avgR=-0.26; EURUSD:n=48,avgR=-0.34; MSFT:n=64,avgR=0.02; SP500:n=53,avgR=-0.17; NASDAQ:n=39,avgR=-0.30"
9,3,short,sr,either,2.5,217,0.25806451612903225,-0.18616047132341063,0.7584205728598513,-40.39682227718011,39.361165333238944,5,1,-2.742314984659476,"GOOG:n=20,avgR=-0.43; EURUSD:n=47,avgR=-0.35; MSFT:n=62,avgR=0.03; SP500:n=52,avgR=-0.16; NASDAQ:n=36,avgR=-0.25"
14,5,short,fib,candle,2.5,18,0.1111111111111111,-0.6472590183661296,0.30028835494514106,-11.650662330590334,11.150662330590334,4,1,-2.74608744642503,"GOOG:n=1,avgR=-1.00; MSFT:n=6,avgR=-0.42; SP500:n=3,avgR=0.17; NASDAQ:n=8,avgR=-1.08"
9,5,short,fib,either,2.5,38,0.15789473684210525,-0.4644911139629035,0.4594087509810339,-17.650662330590333,22.0,5,1,-2.8633155271675808,"GOOG:n=4,avgR=0.75; EURUSD:n=3,avgR=-1.00; MSFT:n=12,avgR=-0.71; SP500:n=5,avgR=-0.30; NASDAQ:n=14,avgR=-0.55"
9,5,short,sr+fib,either,1.5,16,0.125,-0.7281663956618959,0.20476889933747575,-11.650662330590334,13.150662330590334,5,1,-2.9126655826475836,"GOOG:n=1,avgR=1.50; EURUSD:n=1,avgR=-1.00; MSFT:n=5,avgR=-1.00; SP500:n=3,avgR=-1.00; NASDAQ:n=6,avgR=-0.69"
14,5,short,sr+fib,either,1.5,12,0.08333333333333333,-0.8458885275491945,0.12874804517006336,-10.150662330590334,11.650662330590334,4,1,-2.9302438145096614,"GOOG:n=1,avgR=1.50; MSFT:n=5,avgR=-1.00; SP500:n=2,avgR=-1.00; NASDAQ:n=4,avgR=-1.16"
14,5,short,fib,either,2.5,30,0.13333333333333333,-0.5550220776863445,0.3752251961303692,-16.650662330590336,21.650662330590336,4,1,-3.039981118621956,"GOOG:n=3,avgR=1.33; MSFT:n=11,avgR=-0.68; SP500:n=5,avgR=-0.30; NASDAQ:n=11,avgR=-1.06"
14,5,short,bb,either,1.5,18,0.1111111111111111,-0.7222222222222222,0.1875,-13.0,16.0,5,1,-3.0641293851417055,"GOOG:n=1,avgR=1.50; EURUSD:n=1,avgR=-1.00; MSFT:n=5,avgR=-1.00; SP500:n=6,avgR=-1.00; NASDAQ:n=5,avgR=-0.50"
14,5,short,bb,candle,1.5,10,0.0,-1.0,0.0,-10.0,9.0,3,0,-3.1622776601683795,"MSFT:n=3,avgR=-1.00; SP500:n=4,avgR=-1.00; NASDAQ:n=3,avgR=-1.00"
14,5,short,bb,candle,2.5,10,0.0,-1.0,0.0,-10.0,9.0,3,0,-3.1622776601683795,"MSFT:n=3,avgR=-1.00; SP500:n=4,avgR=-1.00; NASDAQ:n=3,avgR=-1.00"
9,5,short,fib,candle,2.5,21,0.09523809523809523,-0.6976505871709683,0.25444434980781605,-14.650662330590334,13.650662330590334,5,1,-3.1970366243413495,"GOOG:n=2,avgR=-1.00; EURUSD:n=1,avgR=-1.00; MSFT:n=7,avgR=-0.50; SP500:n=3,avgR=0.17; NASDAQ:n=8,avgR=-1.08"
9,5,short,bb,candle,1.5,11,0.0,-1.0,0.0,-11.0,10.0,4,0,-3.3166247903554,"EURUSD:n=1,avgR=-1.00; MSFT:n=3,avgR=-1.00; SP500:n=4,avgR=-1.00; NASDAQ:n=3,avgR=-1.00"
9,5,short,bb,candle,2.5,11,0.0,-1.0,0.0,-11.0,10.0,4,0,-3.3166247903554,"EURUSD:n=1,avgR=-1.00; MSFT:n=3,avgR=-1.00; SP500:n=4,avgR=-1.00; NASDAQ:n=3,avgR=-1.00"
14,3,short,fib,either,2.5,32,0.125,-0.5885338970099107,0.3468237999003524,-18.83308470431714,21.333084704317137,5,1,-3.329250476270824,"GOOG:n=3,avgR=0.17; EURUSD:n=2,avgR=-1.00; MSFT:n=11,avgR=-0.69; SP500:n=6,avgR=-0.42; NASDAQ:n=10,avgR=-0.73"
9,3,short,fib,either,2.5,42,0.14285714285714285,-0.519835350102789,0.4072425679362629,-21.833084704317137,26.070469754762186,5,1,-3.3689181098822436,"GOOG:n=3,avgR=0.17; EURUSD:n=4,avgR=-1.00; MSFT:n=16,avgR=-0.79; SP500:n=7,avgR=-0.50; NASDAQ:n=12,avgR=-0.19"
14,5,short,bb,either,2.5,18,0.05555555555555555,-0.8062682367306346,0.1469479360882469,-14.512828261151423,17.012828261151423,5,1,-3.4207064258853137,"GOOG:n=1,avgR=2.50; EURUSD:n=1,avgR=-1.00; MSFT:n=5,avgR=-1.00; SP500:n=6,avgR=-1.00; NASDAQ:n=5,avgR=-1.00"
14,3,short,fib,candle,2.5,25,0.08,-0.7488452834141007,0.2107825200757359,-18.72113208535252,17.72113208535252,5,0,-3.7442264170705037,"GOOG:n=1,avgR=-1.00; EURUSD:n=2,avgR=-1.00; MSFT:n=9,avgR=-0.62; SP500:n=4,avgR=-1.00; NASDAQ:n=9,avgR=-0.68"
9,3,short,fib,candle,2.5,30,0.06666666666666667,-0.7907044028450839,0.17408784532382512,-23.72113208535252,22.72113208535252,5,0,-4.330866377569045,"GOOG:n=1,avgR=-1.00; EURUSD:n=3,avgR=-1.00; MSFT:n=12,avgR=-0.71; SP500:n=5,avgR=-1.00; NASDAQ:n=9,avgR=-0.68"
9,3,long,fib+bb,candle,1.5,0,,,,0.0,,0,0,,
9,3,long,fib+bb,candle,2.5,0,,,,0.0,,0,0,,
9,3,long,sr+fib+bb,candle,1.5,0,,,,0.0,,0,0,,
9,3,long,sr+fib+bb,candle,2.5,0,,,,0.0,,0,0,,
9,3,short,sr+fib+bb,candle,1.5,0,,,,0.0,,0,0,,
9,3,short,sr+fib+bb,candle,2.5,0,,,,0.0,,0,0,,
9,5,long,fib+bb,candle,1.5,0,,,,0.0,,0,0,,
9,5,long,fib+bb,candle,2.5,0,,,,0.0,,0,0,,
9,5,long,sr+fib+bb,candle,1.5,0,,,,0.0,,0,0,,
9,5,long,sr+fib+bb,candle,2.5,0,,,,0.0,,0,0,,
14,3,long,fib+bb,candle,1.5,0,,,,0.0,,0,0,,
14,3,long,fib+bb,candle,2.5,0,,,,0.0,,0,0,,
14,3,long,sr+fib+bb,candle,1.5,0,,,,0.0,,0,0,,
14,3,long,sr+fib+bb,candle,2.5,0,,,,0.0,,0,0,,
14,3,short,fib+bb,candle,1.5,0,,,,0.0,,0,0,,
14,3,short,fib+bb,candle,2.5,0,,,,0.0,,0,0,,
14,3,short,sr+fib+bb,candle,1.5,0,,,,0.0,,0,0,,
14,3,short,sr+fib+bb,candle,2.5,0,,,,0.0,,0,0,,
14,5,long,fib+bb,candle,1.5,0,,,,0.0,,0,0,,
14,5,long,fib+bb,candle,2.5,0,,,,0.0,,0,0,,
14,5,long,sr+fib+bb,candle,1.5,0,,,,0.0,,0,0,,
14,5,long,sr+fib+bb,candle,2.5,0,,,,0.0,,0,0,,
14,5,long,sr+fib+bb,macd,1.5,0,,,,0.0,,0,0,,
14,5,long,sr+fib+bb,macd,2.5,0,,,,0.0,,0,0,,
14,5,long,sr+fib+bb,either,1.5,0,,,,0.0,,0,0,,
14,5,long,sr+fib+bb,either,2.5,0,,,,0.0,,0,0,,
